AER,ASF
AER,GOJ
AER,KRR
AER,KZN
AER,MCX
AER,MRV
AER,NBC
AER,ROV
AER,UUA
ASF,AER
ASF,KZN
ASF,LED
CEK,KZN
CEK,OVB
DME,MCX
DME,NBC
DME,TGK
DME,UUA
GDZ,KZN
GOJ,AER
GYD,AER
GYD,NBC
KBP,KZN
KRR,AER
KRR,KZN
KUF,MRV
KZN,AER
KZN,ASF
KZN,CEK
KZN,GDZ
KZN,KBP
KZN,KRR
KZN,LED
KZN,MRV
KZN,MUC
KZN,PEE
KZN,SIP
LED,ASF
LED,KZN
LED,MCX
LED,NBC
LED,UUA
MCX,AER
MCX,DME
MCX,LED
MCX,MRV
MRV,AER
MRV,KUF
MRV,KZN
MRV,MCX
MUC,KZN
NBC,AER
NBC,DME
NBC,GYD
NBC,LED
NBC,SIP
NJC,UUA
OVB,CEK
PEE,KZN
ROV,AER
SGC,UUA
SIP,KZN
SIP,NBC
TGK,DME
UUA,AER
UUA,DME
UUA,LED
UUA,NJC
UUA,SGC
ANS,LIM
AYP,LIM
CUZ,LIM
CUZ,PEM
HUU,LIM
IQT,PCL
IQT,TPP
LIM,ANS
LIM,AYP
LIM,CUZ
LIM,HUU
LIM,PCL
LIM,TPP
PCL,IQT
PCL,LIM
PCL,TPP
PEM,CUZ
TPP,IQT
TPP,LIM
TPP,PCL
ABJ,BOY
ABJ,OUA
ACC,OUA
BKO,OUA
BOY,ABJ
BOY,OUA
COO,LFW
COO,OUA
DKR,OUA
LFW,COO
LFW,OUA
NIM,OUA
OUA,ABJ
OUA,ACC
OUA,BKO
OUA,BOY
OUA,COO
OUA,DKR
OUA,LFW
OUA,NIM
CUE,UIO
GPS,GYE
GPS,UIO
GYE,GPS
GYE,SCY
GYE,UIO
MEC,UIO
OCC,UIO
SCY,GYE
SCY,UIO
UIO,CUE
UIO,GPS
UIO,GYE
UIO,MEC
UIO,OCC
UIO,SCY
AYT,GVA
BDS,BRN
BDS,ZRH
BRI,ZRH
BRN,BDS
BRN,CTA
BRN,HDF
BRN,HER
BRN,PMI
BRN,RHO
BRS,ZRH
CLY,ZRH
CTA,BRN
FUE,GVA
GVA,ACE
GVA,AYT
GVA,HER
GVA,KGS
GVA,LCA
GVA,LPA
HDF,BRN
HDF,ZRH
HER,BRN
HER,GVA
INV,ZRH
KGS,BRN
LCA,GVA
PMI,BRN
RHO,GVA
RLG,ZRH
SUF,ZRH
TFS,GVA
ZRH,BDS
ZRH,BRI
ZRH,BRS
ZRH,CLY
ZRH,HDF
ZRH,INV
ZRH,RLG
ZRH,SUF
AJR,LYC
ARN,GEV
ARN,HAD
ARN,LYC
ARN,VBY
ARN,VHM
GEV,ARN
HAD,ARN
HMV,VHM
LYC,AJR
LYC,ARN
VBY,ARN
VBY,VHM
VHM,ARN
VHM,HMV
VHM,VBY
ADQ,AOS
ADQ,KKB
ADQ,KLN
ADQ,KOZ
ADQ,KPY
ADQ,OLH
AOS,KZB
KLN,KYK
KOZ,ORI
KPY,UGI
UGI,KWP
BCD,CEB
BCD,MNL
BSO,MNL
BXU,CEB
BXU,MNL
CBO,MNL
CEB,BCD
CEB,BXU
CEB,CGY
CEB,DVO
CEB,HKG
CEB,ILO
CEB,MNL
CEB,MPH
CEB,OZC
CEB,PPS
CEB,TAC
CEB,USU
CEB,ZAM
CGY,CEB
CGY,DVO
CGY,MNL
CRM,MNL
CYP,MNL
DGT,MNL
DPL,MNL
DVO,CEB
DVO,CGY
DVO,MNL
DVO,ZAM
GES,ILO
GES,MNL
HKG,CEB
ILO,CEB
ILO,GES
ILO,MNL
ILO,PPS
JOL,ZAM
KLO,MNL
KUL,MNL
LAO,MNL
LGP,MNL
MBT,MNL
MNL,BCD
MNL,BSO
MNL,BXU
MNL,CBO
MNL,CEB
MNL,CGY
MNL,CRM
MNL,CYP
MNL,DGT
MNL,DPL
MNL,DVO
MNL,GES
MNL,ILO
MNL,KLO
MNL,KUL
MNL,LAO
MNL,LGP
MNL,MBT
MNL,MPH
MNL,OZC
MNL,PPS
MNL,RXS
MNL,SIN
MNL,SUG
MNL,TAC
MNL,TAG
MNL,TUG
MNL,USU
MNL,WNP
MNL,ZAM
MPH,CEB
MPH,MNL
OZC,CEB
OZC,MNL
PPS,CEB
PPS,ILO
PPS,MNL
PPS,USU
RXS,MNL
SIN,MNL
SUG,MNL
TAC,CEB
TAC,MNL
TAG,MNL
TUG,MNL
TWT,ZAM
USU,CEB
USU,MNL
USU,PPS
WNP,MNL
ZAM,CEB
ZAM,DVO
ZAM,JOL
ZAM,MNL
ZAM,TWT
HEL,POR
POR,HEL
CGA,HYL
CGA,KTN
HYL,CGA
HYL,KTB
HYL,KTN
KTB,HYL
KTB,KTN
KTN,CGA
KTN,HYL
KTN,KTB
KTN,MTM
MTM,KTN
ACC,BJL
ACC,ROB
BCN,BJL
BJL,ACC
BJL,BCN
BJL,DKR
BJL,FNA
BJL,LGW
DKR,BJL
DKR,FNA
FNA,BJL
FNA,DKR
FNA,LGW
FNA,ROB
LGW,BJL
LGW,FNA
ROB,ACC
ROB,FNA
AKV,YIK
AKV,YPX
XGR,YVP
YGL,YGW
YGL,YPX
YGL,YUL
YGW,YGL
YGW,YSK
YGW,YUD
YGW,YUL
YGW,YUY
YIK,AKV
YIK,YZG
YKG,YPJ
YKG,YQC
YKG,YVP
YKL,YQB
YKL,YVP
YKL,YWK
YKL,YZV
YPH,YPX
YPH,YUD
YPH,YVP
YPJ,YKG
YPJ,YTQ
YPJ,YVP
YPX,AKV
YPX,YGL
YPX,YPH
YPX,YVP
YQB,YKL
YQB,YUL
YQC,YKG
YQC,YWB
YSK,YGW
YSK,YUD
YTQ,YPJ
YTQ,YVP
YUD,YGW
YUD,YPH
YUD,YSK
YUL,YGL
YUL,YGW
YUL,YQB
YUL,YUY
YUY,YGW
YUY,YUL
YVP,XGR
YVP,YKG
YVP,YKL
YVP,YPH
YVP,YPX
YVP,YTQ
YWB,YQC
YWB,YZG
YWK,YKL
YWK,YZV
YZG,YIK
YZG,YWB
YZV,YKL
YZV,YWK
BBO,JIB
BBO,MGQ
DXB,BBO
JED,BBO
JIB,DXB
JIB,JED
JIB,MGQ
MGQ,BBO
MGQ,JIB
MGQ,NBO
NBO,MGQ
BKK,SIN
CAN,SIN
HAK,SIN
HGH,SIN
HKG,SIN
HKT,SIN
KIX,MNL
KIX,TPE
KUL,SIN
MNL,KIX
MNL,SIN
PEN,SIN
PER,SIN
PNH,SIN
REP,PNH
RGN,SIN
SGN,SIN
SIN,BKK
SIN,CAN
SIN,HAK
SIN,HGH
SIN,HKG
SIN,HKT
SIN,KUL
SIN,MNL
SIN,PEN
SIN,PER
SIN,PNH
SIN,REP
SIN,RGN
SIN,SGN
SIN,SWA
SIN,TPE
SWA,SIN
TPE,KIX
TPE,SIN
ACH,EBA
DUS,FDH
EBA,ACH
EBA,FDH
EBA,GVA
EBA,MUC
EBA,ZRH
FDH,DUS
FDH,EBA
FDH,HAM
FDH,OLB
FDH,PUY
FDH,TXL
FDH,ZAD
FKB,HAM
GRZ,ZRH
GVA,EBA
HAM,FDH
HAM,FKB
MAH,FDH
MUC,EBA
OLB,FDH
PUY,FDH
SZG,ZRH
TXL,FDH
ZAD,FDH
ZRH,EBA
ZRH,GRZ
ZRH,SZG
ATL,LWB
ATL,MCN
ATL,MEI
ATL,MSL
ATL,PIB
ATL,TUP
BIM,FLL
ELH,FLL
EYW,FLL
EYW,RSW
EYW,TPA
FLL,BIM
FLL,ELH
FLL,EYW
FLL,FPO
FLL,GGT
FLL,GHB
FLL,MCO
FLL,MHH
FLL,TCB
FLL,TPA
FPO,FLL
GGT,FLL
GHB,FLL
GLH,TUP
GNV,MCO
GNV,TPA
JAX,MHH
JAX,TPA
LWB,ATL
MCN,ATL
MCN,MCO
MCO,FLL
MCO,GNV
MCO,MCN
MCO,MHH
MCO,PNS
MCO,RSW
MEI,ATL
MHH,FLL
MHH,JAX
MHH,MCO
MHH,PBI
MSL,ATL
PBI,MHH
PBI,TPA
PIB,ATL
PNS,MCO
PNS,TPA
RSW,EYW
RSW,MCO
TCB,FLL
TLH,TPA
TPA,EYW
TPA,FLL
TPA,GNV
TPA,JAX
TPA,PBI
TPA,PNS
TPA,TLH
TUP,ATL
TUP,GLH
AMS,CMN
AMS,NDR
AMS,TNG
BCN,CMN
BCN,NDR
BCN,TNG
BGY,CMN
BLQ,CMN
BRU,CMN
BRU,NDR
BRU,TNG
CGN,NDR
CMN,AMS
CMN,BCN
CMN,BGY
CMN,BLQ
CMN,BRU
CMN,CUF
CMN,LGW
CMN,LYS
CMN,MPL
CMN,SAW
CMN,TLS
CMN,VCE
CUF,CMN
FEZ,MPL
LGW,CMN
LGW,TNG
LYS,CMN
MPL,CMN
MPL,FEZ
MPL,NDR
NDR,AMS
NDR,BCN
NDR,BRU
NDR,CGN
NDR,MPL
NDR,PMI
PMI,NDR
SAW,CMN
TLS,CMN
TNG,AMS
TNG,BCN
TNG,BRU
TNG,LGW
VCE,CMN
AUA,BON
AUA,CCS
AUA,CUR
AUA,FLL
AUA,LSP
AUA,MAR
AUA,RCH
BON,AUA
BON,CUR
CCS,AUA
CUR,AUA
CUR,BON
FLL,AUA
LSP,AUA
MAR,AUA
RCH,AUA
BHK,DME
DME,BHK
DME,FEG
DME,KSQ
DME,NMA
DME,NVI
DME,SKD
DME,TIV
FEG,DME
KSQ,DME
NMA,DME
NVI,DME
SKD,DME
TIV,DME
CAY,FDF
FDF,CAY
FDF,PTP
FDF,SDQ
FDF,SLU
PTP,FDF
PTP,SBH
PTP,SDQ
PTP,SFG
SBH,PTP
SDQ,FDF
SDQ,PTP
SFG,PTP
SLU,FDF
BAV,JNG
BHY,XIY
CAN,CKG
CAN,CTU
CAN,SPN
CGK,NNG
CGO,CGQ
CGO,CKG
CGO,CTU
CGO,HET
CGO,HGH
CGO,HRB
CGO,KMG
CGO,URC
CGQ,CGO
CGQ,NKG
CGQ,TNA
CGQ,TSN
CKG,CAN
CKG,CGO
CKG,CSX
CKG,CZX
CKG,DLC
CKG,DYG
CKG,HGH
CKG,HKT
CKG,INC
CKG,JNG
CKG,JZH
CKG,KGT
CKG,KHN
CKG,KMG
CKG,KWL
CKG,LHW
CKG,LJG
CKG,LXA
CKG,NGB
CKG,NKG
CKG,NNG
CKG,PEK
CKG,PVG
CKG,SJW
CKG,SWA
CKG,SYX
CKG,SZX
CKG,TNA
CKG,TSA
CKG,TSN
CKG,TYN
CKG,URC
CKG,WUH
CKG,WUX
CKG,XIY
CKG,XNN
CKG,YIH
CSX,CKG
CSX,CTU
CSX,FOC
CSX,KMG
CSX,SHE
CSX,WNZ
CSX,XMN
CTU,CAN
CTU,CGO
CTU,CSX
CTU,DSN
CTU,HAK
CTU,HDG
CTU,HET
CTU,HFE
CTU,HGH
CTU,HKG
CTU,HKT
CTU,ICN
CTU,INC
CTU,JHG
CTU,JZH
CTU,KHN
CTU,KMG
CTU,KOW
CTU,KWE
CTU,KWL
CTU,LHW
CTU,LJG
CTU,LUM
CTU,LXA
CTU,MEL
CTU,MLE
CTU,NKG
CTU,NNG
CTU,PEK
CTU,PVG
CTU,PZI
CTU,SHE
CTU,SJW
CTU,SYX
CTU,SZX
CTU,TAO
CTU,TNA
CTU,TSA
CTU,TSN
CTU,TYN
CTU,URC
CTU,WNZ
CTU,WUH
CTU,WUX
CTU,WXN
CTU,XIC
CTU,XIY
CTU,XMN
CTU,XNN
CTU,XUZ
CTU,YIH
CTU,YTY
CTU,ZHY
CZX,CKG
CZX,HRB
CZX,XMN
CZX,ZUH
DLC,CKG
DLC,HGH
DLC,HRB
DLC,TNA
DLC,XUZ
DNH,LHW
DSN,CTU
DSN,SHE
DYG,CKG
DYG,NKG
FOC,CSX
FOC,KHN
HAK,CTU
HAK,NGB
HDG,CTU
HET,CGO
HET,CTU
HFE,CTU
HGH,CGO
HGH,CKG
HGH,CTU
HGH,DLC
HGH,TSN
HGH,TYN
HGH,XIY
HKG,CTU
HKG,YIH
HKT,CKG
HKT,CTU
HLD,HRB
HRB,CGO
HRB,CZX
HRB,DLC
HRB,HLD
HRB,INC
HRB,NGB
HRB,NKG
HRB,TNA
HRB,TYN
HRB,WNZ
HRB,WUH
HRB,XIY
HRB,XUZ
ICN,CTU
INC,CKG
INC,CTU
INC,HRB
INC,KMG
INC,KWL
JGN,LHW
JHG,CTU
JHG,KMG
JJN,KWE
JJN,WUH
JNG,BAV
JNG,CKG
JZH,CKG
JZH,CTU
JZH,XIY
KGT,CKG
KHG,URC
KHN,CKG
KHN,CTU
KHN,FOC
KHN,KMG
KHN,NGB
KJI,URC
KMG,CGO
KMG,CKG
KMG,CSX
KMG,CTU
KMG,INC
KMG,JHG
KMG,KHN
KMG,KWE
KMG,LHW
KMG,LUM
KMG,NGB
KMG,NKG
KMG,TNA
KMG,TPE
KMG,WXN
KMG,XIY
KMG,XMN
KMG,XNN
KMG,XUZ
KOW,CTU
KOW,XMN
KWE,CTU
KWE,JJN
KWE,KMG
KWE,LHW
KWE,SYX
KWE,WNZ
KWE,XUZ
KWL,CKG
KWL,CTU
KWL,INC
KWL,SYX
KWL,TYN
LHW,CKG
LHW,CTU
LHW,DNH
LHW,JGN
LHW,KMG
LHW,KWE
LJG,CKG
LJG,CTU
LJG,MIG
LUM,CTU
LUM,KMG
LXA,CKG
LXA,CTU
LXA,XIY
LXA,XNN
LYI,XIY
MEL,CTU
MIG,LJG
MIG,NKG
MIG,SYX
MIG,XNN
MLE,CTU
NGB,CKG
NGB,HAK
NGB,HRB
NGB,KHN
NGB,KMG
NGB,SYX
NKG,CGQ
NKG,CKG
NKG,CTU
NKG,DYG
NKG,HRB
NKG,KMG
NKG,MIG
NNG,CGK
NNG,CKG
NNG,CTU
NNG,SGN
NNG,SIN
NNG,WUH
NTG,WUH
PEK,CKG
PEK,CTU
PEK,WXN
PEK,ZHY
PVG,CKG
PVG,CTU
PVG,SPN
PZI,CTU
SGN,NNG
SHE,CSX
SHE,CTU
SHE,DSN
SHE,TYN
SHE,XUZ
SHE,YVR
SIN,NNG
SJW,CKG
SJW,CTU
SJW,YNT
SPN,CAN
SPN,PVG
SWA,CKG
SYX,CKG
SYX,CTU
SYX,KWE
SYX,KWL
SYX,MIG
SYX,NGB
SYX,TNA
SYX,WNZ
SYX,YBP
SYX,ZUH
SZX,CKG
SZX,CTU
SZX,WXN
TAO,CTU
TNA,CGQ
TNA,CKG
TNA,CTU
TNA,DLC
TNA,HRB
TNA,KMG
TNA,SYX
TNA,XIY
TPE,KMG
TSA,CKG
TSA,CTU
TSN,CGQ
TSN,CKG
TSN,CTU
TSN,HGH
TYN,CKG
TYN,CTU
TYN,HGH
TYN,HRB
TYN,KWL
TYN,SHE
URC,CGO
URC,CKG
URC,CTU
URC,KHG
URC,KJI
URC,XIY
UYN,XIY
WNZ,CSX
WNZ,CTU
WNZ,HRB
WNZ,KWE
WNZ,SYX
WUH,CKG
WUH,CTU
WUH,HRB
WUH,JJN
WUH,NNG
WUH,NTG
WUX,CKG
WUX,CTU
WXN,CTU
WXN,KMG
WXN,PEK
WXN,SZX
XIC,CTU
XIY,BHY
XIY,CKG
XIY,CTU
XIY,HGH
XIY,HRB
XIY,JZH
XIY,KMG
XIY,LXA
XIY,LYI
XIY,TNA
XIY,URC
XIY,UYN
XIY,XNN
XIY,YBP
XIY,ZHY
XMN,CSX
XMN,CTU
XMN,CZX
XMN,KMG
XMN,KOW
XNN,CKG
XNN,CTU
XNN,KMG
XNN,LXA
XNN,MIG
XNN,XIY
XUZ,CTU
XUZ,DLC
XUZ,HRB
XUZ,KMG
XUZ,KWE
XUZ,SHE
YBP,SYX
YBP,XIY
YIH,CKG
YIH,CTU
YIH,HKG
YNT,SJW
YTY,CTU
YVR,SHE
ZHY,CTU
ZHY,PEK
ZHY,XIY
ZUH,CZX
ZUH,SYX
CAI,TLV
TLV,CAI
MCG,NIB
MCG,TCT
NIB,MCG
TCT,TLJ
TLJ,MCG
AAQ,VKO
BAX,VKO
EGO,NUX
EYK,VKO
GDZ,VKO
LED,VKO
MCX,VKO
NCU,VKO
NUX,EGO
NUX,VKO
NYM,OVS
NYM,VKO
OVS,AAQ
OVS,NYM
OVS,SVX
OVS,VKO
SVX,OVS
TJM,VKO
UCT,VKO
VKO,AAQ
VKO,BAX
VKO,EYK
VKO,LED
VKO,MCX
VKO,NCU
VKO,NUX
VKO,NYM
VKO,OVS
VKO,TJM
VKO,UCT
BKK,DAC
BKK,KUL
CCU,CGP
CCU,DAC
CGP,CCU
CGP,DAC
CGP,MCT
CXB,DAC
DAC,BKK
DAC,CCU
DAC,CGP
DAC,CXB
DAC,DXB
DAC,JSR
DAC,KTM
DAC,KUL
DAC,MCT
DAC,RJH
DAC,SPD
DAC,ZYL
DXB,DAC
DXB,JED
JED,DAC
JSR,DAC
KTM,DAC
KUL,BKK
KUL,DAC
MCT,CGP
MCT,DAC
RJH,DAC
RJH,SPD
ZYL,DAC
YGZ,YRB
YRB,YGZ
DFW,EZE
EZE,DFW
EZE,JFK
EZE,MIA
EZE,PUJ
JFK,EZE
MIA,EZE
MIA,PUJ
PUJ,EZE
PUJ,MIA
YEG,YXY
YLW,YVR
YLW,YXY
YVR,YLW
YVR,YXY
YXY,YLW
YXY,YVR
YXY,YYC
YYC,YEG
ACA,MEX
ACA,TLC
BOG,MEX
CEN,MEX
CJS,MEX
CME,MEX
CTM,MEX
CUL,MEX
CUN,MEX
CUN,MTY
CUN,TLC
CUU,MEX
CZM,MEX
GDL,MEX
GDL,MTY
GDL,SJD
GDL,SNA
GDL,TIJ
GUA,MEX
HAV,MEX
HMO,MEX
HUX,MEX
JFK,MEX
LAS,MTY
LAS,TLC
MEX,ACA
MEX,BOG
MEX,CEN
MEX,CJS
MEX,CME
MEX,CTM
MEX,CUL
MEX,CUN
MEX,CUU
MEX,CZM
MEX,GDL
MEX,GUA
MEX,HAV
MEX,HMO
MEX,HUX
MEX,JFK
MEX,MIA
MEX,MID
MEX,MTY
MEX,OAX
MEX,PVR
MEX,SAT
MEX,SJD
MEX,SJO
MEX,SNA
MEX,TAM
MEX,TGZ
MEX,TIJ
MEX,VER
MEX,VSA
MEX,ZIH
MIA,MEX
MID,MEX
MTY,CUN
MTY,GDL
MTY,LAS
MTY,MEX
MTY,SAT
MTY,TLC
OAX,MEX
PVR,MEX
PVR,TLC
SAT,MEX
SAT,MTY
SAT,TLC
SJD,GDL
SJD,MEX
SJD,TLC
SJO,MEX
SNA,GDL
SNA,MEX
TAM,MEX
TGZ,MEX
TIJ,GDL
TIJ,MEX
TIJ,TLC
TLC,ACA
TLC,CUN
TLC,LAS
TLC,MTY
TLC,PVR
TLC,SAT
TLC,SJD
TLC,TIJ
TLC,ZIH
VER,MEX
VSA,MEX
ZIH,MEX
ZIH,TLC
DEL,KBL
DXB,KBL
DXB,OAI
HEA,KBL
KBL,DEL
KBL,DXB
KBL,HEA
KBL,OAI
OAI,DXB
OAI,KBL
AYT,BSL
AYT,ZRH
BSL,AYT
BSL,DJE
BSL,HRG
BSL,NBE
DJE,BSL
DJE,ZRH
HRG,BSL
HRG,ZRH
NBE,BSL
PRN,ZRH
RMF,ZRH
ZRH,AYT
ZRH,DJE
ZRH,HRG
ZRH,PRN
ZRH,RMF
ADB,CGN
ADB,HAJ
ADB,STR
AGP,STR
ARN,CGN
ATH,CGN
ATH,STR
AYT,CGN
AYT,STR
BCN,CGN
BCN,HAJ
BCN,HAM
BCN,STR
BDS,STR
BEG,STR
BIA,CGN
BIA,HAM
BIA,STR
BIA,TXL
BIO,STR
BLQ,CGN
BRE,STR
BRI,CGN
BRI,STR
BRU,STR
BUD,CGN
BUD,STR
CAG,CGN
CAG,STR
CFU,CGN
CFU,DRS
CFU,STR
CGN,ADB
CGN,ARN
CGN,ATH
CGN,AYT
CGN,BCN
CGN,BIA
CGN,BLQ
CGN,BRI
CGN,BUD
CGN,CAG
CGN,CFU
CGN,CMN
CGN,CTA
CGN,DBV
CGN,DRS
CGN,DUB
CGN,EDI
CGN,ESB
CGN,FAO
CGN,FCO
CGN,FDH
CGN,HAM
CGN,HER
CGN,IBZ
CGN,JMK
CGN,JTR
CGN,KEF
CGN,KGS
CGN,KLU
CGN,KVA
CGN,LEJ
CGN,LHR
CGN,LIS
CGN,LPA
CGN,MAN
CGN,MXP
CGN,NAP
CGN,NCE
CGN,NDR
CGN,OLB
CGN,PMI
CGN,PMO
CGN,PRG
CGN,PRN
CGN,PSA
CGN,PUY
CGN,RHO
CGN,RJK
CGN,RLG
CGN,SAW
CGN,SJJ
CGN,SKG
CGN,SPU
CGN,STN
CGN,SUF
CGN,SZG
CGN,TIA
CGN,TLV
CGN,TNG
CGN,TUN
CGN,TXL
CGN,VCE
CGN,VIE
CGN,VKO
CGN,VRN
CGN,XRY
CGN,ZAD
CGN,ZAG
CGN,ZRH
CMN,CGN
CTA,CGN
CTA,HAJ
CTA,HAM
CTA,STR
DBV,CGN
DBV,HAJ
DBV,HAM
DBV,STR
DRS,CFU
DRS,CGN
DRS,STR
DTM,MUC
DTM,PMI
DTM,SAW
DTM,SPU
DUB,CGN
DUS,PRN
DUS,SPU
EDI,CGN
ESB,CGN
ESB,STR
FAO,CGN
FAO,HAM
FAO,STR
FCO,CGN
FCO,HAJ
FCO,STR
FDH,CGN
HAJ,ADB
HAJ,BCN
HAJ,CTA
HAJ,DBV
HAJ,FCO
HAJ,HER
HAJ,MXP
HAJ,NAP
HAJ,PMI
HAJ,PRN
HAJ,SKG
HAJ,SPU
HAJ,STN
HAJ,STR
HAJ,SUF
HAJ,VCE
HAJ,VIE
HAM,BCN
HAM,BIA
HAM,CGN
HAM,CTA
HAM,DBV
HAM,FAO
HAM,HER
HAM,NCE
HAM,NUE
HAM,OLB
HAM,PMI
HAM,PRN
HAM,SPU
HAM,STR
HAM,VCE
HAM,VIE
HER,CGN
HER,HAJ
HER,HAM
HER,STR
HER,TXL
IBZ,CGN
IBZ,STR
JMK,CGN
JTR,CGN
KEF,CGN
KEF,STR
KGS,CGN
KLU,CGN
KRK,STR
KVA,CGN
KVA,STR
LEJ,CGN
LEJ,STR
LHR,CGN
LHR,STR
LIS,CGN
LIS,STR
LPA,CGN
MAN,CGN
MAN,STR
MLH,PRN
MUC,DTM
MUC,PRN
MXP,CGN
MXP,HAJ
MXP,STR
NAP,CGN
NAP,HAJ
NCE,CGN
NCE,HAM
NDR,CGN
NUE,HAM
OLB,CGN
OLB,HAM
OLB,STR
PMI,CGN
PMI,DTM
PMI,HAJ
PMI,HAM
PMI,STR
PMI,TXL
PMO,CGN
PRG,CGN
PRN,CGN
PRN,DUS
PRN,HAJ
PRN,HAM
PRN,MLH
PRN,MUC
PRN,STR
PRN,TXL
PSA,CGN
PUY,CGN
PUY,TXL
RHO,CGN
RJK,CGN
RJK,STR
RJK,TXL
RLG,CGN
RLG,STR
SAW,CGN
SAW,DTM
SAW,STR
SJJ,CGN
SJJ,STR
SKG,CGN
SKG,HAJ
SKG,STR
SPU,CGN
SPU,DTM
SPU,DUS
SPU,HAJ
SPU,HAM
SPU,STR
STN,CGN
STN,HAJ
STN,STR
STR,ADB
STR,AGP
STR,ATH
STR,AYT
STR,BCN
STR,BDS
STR,BEG
STR,BIA
STR,BIO
STR,BRE
STR,BRI
STR,BRU
STR,BUD
STR,CAG
STR,CFU
STR,CTA
STR,DBV
STR,DRS
STR,ESB
STR,FAO
STR,FCO
STR,HAJ
STR,HAM
STR,HER
STR,IBZ
STR,KEF
STR,KRK
STR,KVA
STR,LEJ
STR,LHR
STR,LIS
STR,MAN
STR,MXP
STR,OLB
STR,PMI
STR,PRN
STR,RJK
STR,RLG
STR,SAW
STR,SJJ
STR,SKG
STR,SPU
STR,STN
STR,SUF
STR,TXL
STR,VIE
STR,VKO
STR,ZAD
STR,ZAG
SUF,CGN
SUF,HAJ
SUF,STR
SZG,CGN
TIA,CGN
TLV,CGN
TNG,CGN
TUN,CGN
TXL,BIA
TXL,CGN
TXL,HER
TXL,PMI
TXL,PRN
TXL,PUY
TXL,RJK
TXL,STR
VCE,CGN
VCE,HAJ
VCE,HAM
VIE,CGN
VIE,HAJ
VIE,HAM
VIE,STR
VKO,CGN
VKO,STR
VRN,CGN
XRY,CGN
ZAD,CGN
ZAD,STR
ZAG,CGN
ZAG,STR
ZRH,CGN
AKP,FAI
BTT,AKP
BTT,CXF
CEM,IRC
CIK,FYU
CXF,AKP
FAI,BTT
FAI,CEM
FAI,FYU
FAI,MLY
FAI,RMP
FAI,SVS
FAI,TAL
FYU,CIK
FYU,FAI
IRC,FAI
MLY,MNT
MNT,FAI
RMP,FAI
SVS,WBQ
TAL,FAI
WBQ,FAI
AKI,TLT
ATT,KUK
BET,ATT
BET,EEK
BET,GNU
BET,KKH
BET,KLG
BET,KPN
BET,KWT
BET,NME
BET,WNA
BET,WTL
CYF,BET
EEK,KWN
GNU,PTU
KKH,KWK
KKI,AKI
KLG,BET
KPN,CYF
KUK,NUP
KWK,BET
KWN,BET
KWT,KKI
NME,OOK
NUP,BET
OOK,TNK
PKA,BET
PTU,BET
TLT,BET
TNK,WWT
WNA,PKA
WTL,BET
WTL,KKH
WWT,BET
BOC,SYQ
DRK,PJM
FON,XQP
GLF,PJM
GLF,SYQ
LIR,SYQ
LIR,TNO
MGA,SYQ
NOB,SYQ
PBP,NOB
PJM,GLF
PJM,SYQ
PMZ,XQP
SYQ,BOC
SYQ,DRK
SYQ,FON
SYQ,GLF
SYQ,LIR
SYQ,MGA
SYQ,PJM
SYQ,TMU
SYQ,TNO
SYQ,TTQ
SYQ,XQP
TMU,NOB
TMU,PBP
TNO,LIR
TNO,SYQ
TTQ,SYQ
XQP,PMZ
XQP,SYQ
ACC,KMS
KMS,ACC
EDL,LOK
EDL,NBO
JUB,NBO
KIS,EDL
KIS,NBO
LAU,MYD
LOK,EDL
MBA,NBO
MBA,ZNZ
MYD,LAU
MYD,NBO
NBO,EDL
NBO,JUB
NBO,KIS
NBO,MBA
NBO,MYD
NBO,ZNZ
ZNZ,MBA
ZNZ,NBO
BCD,CEB
BCD,CGY
BCD,MNL
BKI,MNL
BKK,CEB
BKK,CRK
BKK,MNL
BWN,MNL
BXU,CEB
BXU,MNL
CAN,MNL
CBO,MNL
CEB,BCD
CEB,BKK
CEB,BXU
CEB,CGM
CEB,CGY
CEB,CRK
CEB,DGT
CEB,DPL
CEB,DVO
CEB,GES
CEB,HKG
CEB,IAO
CEB,ICN
CEB,ILO
CEB,KLO
CEB,KUL
CEB,LGP
CEB,MBT
CEB,MNL
CEB,MPH
CEB,OZC
CEB,PAG
CEB,PPS
CEB,PUS
CEB,SIN
CEB,SUG
CEB,TAC
CEB,USU
CEB,ZAM
CGK,MNL
CGM,CEB
CGY,BCD
CGY,CEB
CGY,DVO
CGY,ILO
CGY,MNL
CGY,ZAM
CRK,BKK
CRK,CEB
CRK,HKG
CRK,MFM
CRK,SIN
CYZ,MNL
DGT,CEB
DGT,MNL
DPL,CEB
DPL,DVO
DPL,MNL
DPS,MNL
DVO,CEB
DVO,CGY
DVO,DPL
DVO,ILO
DVO,KLO
DVO,MNL
DVO,PPS
DVO,ZAM
GES,CEB
GES,ILO
GES,MNL
HAN,MNL
HKG,CEB
HKG,CRK
HKG,ILO
HKG,KLO
HKG,MNL
IAO,CEB
ICN,CEB
ICN,MNL
ILO,CEB
ILO,CGY
ILO,DVO
ILO,GES
ILO,HKG
ILO,MNL
ILO,PPS
ILO,SIN
ILO,TAC
KIX,MNL
KLO,CEB
KLO,DVO
KLO,HKG
KLO,MNL
KUL,CEB
KUL,MNL
LAO,MNL
LGP,CEB
LGP,MNL
MBT,CEB
MFM,CRK
MFM,MNL
MNL,BCD
MNL,BKI
MNL,BKK
MNL,BWN
MNL,BXU
MNL,CAN
MNL,CBO
MNL,CEB
MNL,CGK
MNL,CGY
MNL,CYZ
MNL,DGT
MNL,DPL
MNL,DPS
MNL,DVO
MNL,GES
MNL,HAN
MNL,HKG
MNL,ICN
MNL,ILO
MNL,KIX
MNL,KLO
MNL,KUL
MNL,LAO
MNL,LGP
MNL,MFM
MNL,MPH
MNL,OZC
MNL,PAG
MNL,PEK
MNL,PPS
MNL,PUS
MNL,PVG
MNL,REP
MNL,RXS
MNL,SGN
MNL,SIN
MNL,SJI
MNL,TAC
MNL,TAG
MNL,TPE
MNL,TUG
MNL,USU
MNL,VRC
MNL,WNP
MNL,XMN
MNL,ZAM
MPH,CEB
MPH,MNL
OZC,CEB
OZC,MNL
PAG,CEB
PAG,MNL
PEK,MNL
PPS,CEB
PPS,DVO
PPS,ILO
PPS,MNL
PUS,CEB
PUS,MNL
PVG,MNL
REP,MNL
RXS,MNL
SGN,MNL
SGS,ZAM
SIN,CEB
SIN,CRK
SIN,ILO
SIN,MNL
SJI,MNL
SUG,CEB
TAC,CEB
TAC,ILO
TAC,MNL
TAG,MNL
TPE,MNL
TUG,MNL
USU,CEB
USU,MNL
VRC,MNL
WNP,MNL
XMN,MNL
ZAM,CEB
ZAM,CGY
ZAM,DVO
ZAM,MNL
ZAM,SGS
ANU,MNI
MNI,ANU
AER,MMK
ARH,CSH
ARH,KSZ
ARH,LDG
ARH,LED
ARH,MMK
ARH,NNM
ARH,SVO
ARH,USK
CSH,ARH
KSZ,ARH
LDG,ARH
LED,ARH
LED,MMK
LED,SCW
MMK,AER
MMK,ARH
MMK,LED
MMK,SVO
MMK,TOS
NNM,ARH
NSK,SVO
SCW,LED
SCW,SVO
SVO,ARH
SVO,MMK
SVO,NSK
SVO,SCW
TOS,MMK
USK,ARH
ANF,CPO
ANF,IQQ
ANF,SCL
CCP,SCL
CJC,ANF
CJC,IQQ
CJC,SCL
CPO,ANF
CPO,SCL
IQQ,ANF
IQQ,CJC
IQQ,SCL
SCL,ANF
SCL,CCP
SCL,CJC
SCL,CPO
SCL,IQQ
AEP,MVD
AEP,PDP
EZE,MVD
MVD,AEP
MVD,EZE
MVD,POA
PDP,AEP
POA,MVD
YBK,YCS
YCB,YCO
YCB,YYH
YCB,YZF
YCO,YCB
YCO,YZF
YCS,YBK
YCS,YRT
YCY,YFB
YCY,YIO
YEG,YZF
YEK,YXN
YEK,YYQ
YEV,YVQ
YFB,YCY
YFB,YGT
YFB,YOW
YFB,YRT
YFB,YTE
YFB,YUX
YFB,YXP
YGT,YFB
YGT,YIO
YGT,YUX
YHK,YYH
YHK,YZF
YIO,YCY
YIO,YGT
YOW,YFB
YRT,YCS
YRT,YEK
YRT,YFB
YRT,YXN
YRT,YYQ
YRT,YZF
YTE,YFB
YTH,YYQ
YUT,YYQ
YUX,YFB
YUX,YGT
YVM,YXP
YVQ,YEV
YVQ,YZF
YWG,YRT
YXN,YEK
YXN,YRT
YXP,YFB
YXP,YVM
YYH,YCB
YYH,YHK
YYQ,YEK
YYQ,YRT
YYQ,YTH
YYQ,YWG
YZF,YCB
YZF,YCO
YZF,YEG
YZF,YHK
YZF,YRT
YZF,YVQ
YZF,YYH
YZS,YUT
AMD,BLR
AMD,BOM
AMD,CCU
AMD,DEL
AMD,GOI
AMD,HYD
AMD,JAI
AMD,MAA
AMD,PNQ
BBI,BOM
BBI,CCU
BBI,DEL
BBI,HYD
BBI,VTZ
BDQ,BOM
BDQ,DEL
BKK,CCU
BKK,DEL
BLR,AMD
BLR,BOM
BLR,CCU
BLR,COK
BLR,DEL
BLR,GAU
BLR,GOI
BLR,HYD
BLR,JAI
BLR,LKO
BLR,MAA
BLR,NAG
BLR,PNQ
BLR,TRV
BOM,AMD
BOM,BBI
BOM,BDQ
BOM,BLR
BOM,CCU
BOM,CJB
BOM,COK
BOM,DEL
BOM,DXB
BOM,GOI
BOM,HYD
BOM,IDR
BOM,IXC
BOM,IXJ
BOM,JAI
BOM,LKO
BOM,MAA
BOM,MCT
BOM,NAG
BOM,SXR
BOM,TRV
CCU,AMD
CCU,BBI
CCU,BKK
CCU,BLR
CCU,BOM
CCU,DEL
CCU,DIB
CCU,GAU
CCU,HYD
CCU,IMF
CCU,IXA
CCU,JAI
CCU,MAA
CCU,NAG
CCU,PAT
CCU,RPR
CJB,BOM
CJB,DEL
CJB,MAA
COK,BLR
COK,BOM
COK,DEL
COK,DXB
COK,HYD
COK,MAA
COK,TRV
DEL,AMD
DEL,BBI
DEL,BDQ
DEL,BKK
DEL,BLR
DEL,BOM
DEL,CCU
DEL,CJB
DEL,COK
DEL,DXB
DEL,GAU
DEL,GOI
DEL,HYD
DEL,IDR
DEL,IXJ
DEL,KTM
DEL,LKO
DEL,MAA
DEL,NAG
DEL,PAT
DEL,PNQ
DEL,RPR
DEL,SXR
DIB,CCU
DXB,BOM
DXB,COK
DXB,DEL
DXB,HYD
DXB,MAA
DXB,TRV
GAU,BLR
GAU,CCU
GAU,DEL
GAU,IMF
GAU,IXA
GOI,AMD
GOI,BLR
GOI,BOM
GOI,DEL
HYD,AMD
HYD,BBI
HYD,BLR
HYD,BOM
HYD,CCU
HYD,COK
HYD,DEL
HYD,DXB
HYD,JAI
HYD,MAA
HYD,PNQ
HYD,RPR
HYD,VTZ
IDR,BOM
IDR,DEL
IDR,NAG
IDR,RPR
IMF,CCU
IMF,GAU
IMF,IXA
IXA,CCU
IXA,GAU
IXA,IMF
IXC,BOM
IXJ,DEL
IXJ,SXR
JAI,AMD
JAI,BLR
JAI,BOM
JAI,CCU
JAI,HYD
KTM,DEL
LKO,BLR
LKO,BOM
LKO,DEL
LKO,PAT
MAA,AMD
MAA,BLR
MAA,BOM
MAA,CCU
MAA,CJB
MAA,COK
MAA,DEL
MAA,DXB
MAA,HYD
MAA,PNQ
MAA,SIN
MAA,TRV
MAA,VTZ
MCT,BOM
NAG,BLR
NAG,BOM
NAG,CCU
NAG,DEL
NAG,IDR
NAG,PNQ
PAT,CCU
PAT,DEL
PAT,LKO
PNQ,AMD
PNQ,BLR
PNQ,DEL
PNQ,HYD
PNQ,MAA
PNQ,NAG
RPR,CCU
RPR,DEL
RPR,HYD
RPR,IDR
SIN,MAA
SXR,BOM
SXR,DEL
SXR,IXJ
TRV,BLR
TRV,BOM
TRV,COK
TRV,DXB
TRV,MAA
VTZ,BBI
VTZ,HYD
VTZ,MAA
ETH,SDV
ETH,TLV
FCO,TLV
MUC,TLV
NCE,TLV
SDV,ETH
SXF,TLV
TLV,ETH
TLV,FCO
TLV,MUC
TLV,NCE
TLV,SXF
BBO,BSA
BBO,JIB
BSA,BBO
BSA,GLK
DXB,BBO
GLK,BBO
GLK,BSA
HGA,BSA
HGA,JIB
HGA,MGQ
JIB,DXB
JIB,HGA
JIB,MGQ
MGQ,BBO
MGQ,HGA
YEV,YHI
YEV,YPC
YEV,YSY
YEV,YUB
YHI,YEV
YHI,YSY
YPC,YEV
YSY,YEV
YSY,YHI
YUB,YEV
AKY,RGN
AKY,SNW
HEH,MDL
HEH,RGN
KAW,MGZ
MDL,HEH
MDL,NYU
MGZ,KAW
MGZ,TVY
NYT,NYU
NYT,RGN
NYU,MDL
NYU,RGN
RGN,AKY
RGN,HEH
RGN,NYT
RGN,SNW
RGN,TVY
SNW,RGN
TVY,MGZ
TVY,RGN
AER,RTW
DME,RTW
EVN,RTW
GYD,RTW
RTW,AER
RTW,DME
RTW,EVN
RTW,GYD
RTW,SVX
SVX,RTW
BKK,ICN
BKK,PUS
CEB,ICN
CEB,PUS
CJU,PUS
CTS,ICN
FUK,ICN
GMP,KIX
GMP,NGO
GUM,ICN
HKG,ICN
ICN,BKK
ICN,CEB
ICN,CTS
ICN,FUK
ICN,GUM
ICN,HKG
ICN,KIX
ICN,MNL
ICN,NGO
ICN,NRT
ICN,SGN
ICN,TAO
KIX,GMP
KIX,ICN
MNL,ICN
NGO,GMP
NGO,ICN
NRT,ICN
PUS,BKK
PUS,CJU
SGN,ICN
TAO,ICN
GWT,HAM
HAM,GWT
YAB,YFB
YAB,YRB
YBK,YRT
YBK,YUT
YCB,YCO
YCB,YHK
YCB,YRB
YCB,YZF
YCO,YCB
YCO,YHI
YCO,YZF
YCS,YRT
YCS,YZS
YCY,YFB
YCY,YIO
YEG,YZF
YEK,YRT
YEK,YXN
YEV,YVQ
YFB,YAB
YFB,YCY
YFB,YGT
YFB,YLC
YFB,YOW
YFB,YRB
YFB,YRT
YFB,YTE
YFB,YUX
YFB,YVP
YFB,YXP
YFS,YZF
YGT,YFB
YGT,YUX
YHI,YCO
YHK,YCB
YHK,YYH
YHY,YZF
YIO,YCY
YLC,YFB
YOW,YFB
YRB,YAB
YRB,YCB
YRT,YBK
YRT,YCS
YRT,YEK
YRT,YFB
YRT,YWG
YRT,YXN
YRT,YZF
YTE,YFB
YTE,YZS
YUL,YVP
YUT,YBK
YUX,YFB
YUX,YGT
YVM,YXP
YVP,YFB
YVP,YUL
YVQ,YEV
YVQ,YZF
YWG,YRT
YXN,YEK
YXN,YRT
YXP,YFB
YXP,YVM
YYH,YHK
YYH,YZF
YZF,YCB
YZF,YCO
YZF,YEG
YZF,YFS
YZF,YHK
YZF,YHY
YZF,YRT
YZF,YVQ
YZS,YCS
YZS,YTE
FUK,HND
HND,FUK
HND,KIX
HND,KKJ
KIX,HND
KKJ,HND
KKJ,PUS
PUS,KKJ
ABL,OTZ
ABL,SHG
ADQ,ANC
AIN,ATK
AIN,BRW
AKI,KKI
AKI,TLT
ANC,ADQ
ANC,ANI
ANC,BET
ANC,CDV
ANC,ENA
ANC,FAI
ANC,HOM
ANC,KSM
ANC,UNK
ANC,VDZ
ANI,ANC
ANI,CHU
ANI,HCR
ANI,KLG
ANI,RSH
ANI,SHX
ANV,HCR
ANV,KGX
ATK,AIN
ATK,BRW
ATT,BET
AUK,EMK
AUK,SXP
BET,ANC
BET,CYF
BET,EEK
BET,HPB
BET,KKH
BET,KLG
BET,KUK
BET,KWK
BET,KWN
BET,KWT
BET,MLL
BET,NME
BET,OOK
BET,PQS
BET,TLT
BET,VAK
BET,WTL
BKC,DRG
BKC,OTZ
BRW,AIN
BRW,ATK
BRW,NUI
BRW,PIZ
BTI,FYU
BTI,SCC
CDV,ANC
CHU,CKD
CKD,RDV
CKD,SLQ
CYF,BET
CYF,KPN
DRG,BKC
DRG,OTZ
EEK,KWN
ELI,KKA
ELI,OME
EMK,AUK
EMK,KOT
ENA,ANC
FAI,ANC
FAI,FYU
FAI,GAL
FAI,RBY
FAI,SCC
FYU,BTI
FYU,FAI
GAL,FAI
GAL,HSL
GAL,KAL
GAL,NUL
GAL,RBY
GAM,OME
GAM,SVA
GLV,OME
GLV,WMO
HCR,ANI
HCR,ANV
HOM,ANC
HPB,SCM
HPB,VAK
HSL,KYU
IAN,ORV
IAN,OTZ
KAL,GAL
KAL,NUL
KGX,ANV
KGX,SHX
KKA,ELI
KKA,SKK
KKA,UNK
KKH,BET
KKH,KWK
KKI,AKI
KKI,KWT
KLG,ANI
KLG,BET
KLG,RSH
KOT,EMK
KOT,KSM
KOT,WBB
KPN,BET
KPN,CYF
KSM,ANC
KSM,KOT
KSM,MOU
KSM,SXP
KTS,TLA
KTS,WAA
KUK,NUP
KVL,OTZ
KWK,BET
KWK,KKH
KWK,KPN
KWN,BET
KWT,BET
KWT,KKI
KYU,GAL
MLL,RSH
MOU,KSM
MOU,PQS
MYU,BET
NME,OOK
NME,TNK
NUI,BRW
NUI,SCC
NUL,GAL
NUL,KAL
NUP,ATT
OBU,ABL
OBU,OTZ
OME,ELI
OME,GAM
OME,GLV
OME,KTS
OME,SHH
OME,SKK
OME,SVA
OME,TLA
OME,UNK
OME,WAA
OME,WBB
OME,WMO
OOK,MYU
OOK,TNK
ORV,IAN
ORV,OTZ
OTZ,ABL
OTZ,BKC
OTZ,DRG
OTZ,IAN
OTZ,ORV
OTZ,PHO
OTZ,SHG
OTZ,WLK
OTZ,WTK
PHO,OTZ
PHO,PIZ
PIZ,BRW
PIZ,PHO
PQS,BET
PQS,MOU
RBY,FAI
RBY,GAL
RDV,SLQ
RSH,ANI
RSH,BET
RSH,KLG
SCC,BTI
SCC,FAI
SCC,NUI
SCM,BET
SHG,OBU
SHH,OME
SHH,WAA
SHX,ANI
SHX,KGX
SKK,KKA
SKK,OME
SKK,UNK
SLQ,ANI
SLQ,SRV
SMK,UNK
SMK,WBB
SRV,ANI
SVA,GAM
SVA,OME
SXP,AUK
SXP,KSM
TLA,KTS
TLA,OME
TLT,AKI
TLT,BET
TNK,WWT
UNK,ANC
UNK,ELI
UNK,SKK
UNK,SMK
VAK,HPB
VAK,SCM
VDZ,ANC
WAA,KTS
WAA,OME
WBB,KOT
WBB,OME
WBB,SMK
WBB,UNK
WLK,OTZ
WMO,GLV
WMO,OME
WTK,KVL
WTL,BET
WWT,BET
AUA,CUR
BON,CUR
BON,MIA
BRM,CUR
CCS,CUR
CLT,CUR
CUR,AUA
CUR,BON
CUR,BRM
CUR,CCS
CUR,CLT
CUR,KIN
CUR,LSP
CUR,MAR
CUR,MDE
CUR,MIA
CUR,PBM
CUR,SXM
CUR,VLN
KIN,CUR
LSP,CUR
MAR,CUR
MDE,CUR
MIA,BON
MIA,CUR
MIA,PAP
PAP,MIA
PAP,SXM
PBM,CUR
SDQ,SXM
SXM,CUR
SXM,PAP
SXM,SDQ
VLN,CUR
BCA,HAV
BYM,HAV
CCC,HAV
CCC,HOG
CMW,HAV
CYO,HAV
HAV,BCA
HAV,BYM
HAV,CCC
HAV,CYO
HAV,HOG
HAV,MGA
HAV,MID
HAV,MOA
HAV,MZO
HAV,SCU
HAV,VTU
HOG,CCC
HOG,CMW
HOG,HAV
MGA,HAV
MID,HAV
MOA,HOG
MZO,HAV
PAP,SCU
SCU,HAV
SCU,PAP
VTU,HAV
CUN,CZM
CUN,MID
CZM,CUN
MID,CUN
MID,VSA
VER,VSA
VSA,MID
VSA,VER
ACU,PAC
BFQ,JQE
BOC,PAC
CHX,BOC
CZJ,PAC
DAV,PAC
DAV,SJO
GHE,PAC
JQE,PAC
MPP,PAC
OGM,MPP
OTD,SCI
OTD,SIC
PAC,BFQ
PAC,BOC
PAC,CHX
PAC,CZJ
PAC,DAV
PAC,OGM
PAC,OTD
PAC,PUE
PAC,PYC
PAC,SAX
PUE,PAC
PYC,ACU
SAX,GHE
SCI,PAC
SIC,PAC
SJO,DAV
AAQ,LED
AER,CSY
AER,DME
AER,SKX
AER,ULV
AKX,DME
CEK,GDZ
CEK,KRR
CEK,NJC
CEK,NUX
CSY,AER
CSY,DME
DME,AER
DME,AKX
DME,CSY
DME,EGO
DME,ESL
DME,GRV
DME,IAR
DME,IJK
DME,KUN
DME,KVK
DME,LED
DME,MMK
DME,PES
DME,SKX
DME,UKS
DME,ULV
DME,URJ
DME,VKT
DME,VOG
DME,VOZ
EGO,DME
ESL,DME
EVN,VOG
GRV,DME
GRV,LED
IAR,DME
IAR,LED
IJK,DME
IKT,OVB
KJA,SVX
KRR,CEK
KRR,KUF
KRR,SVX
KUF,KRR
KUF,NJC
KUF,SVX
KUN,DME
KVK,DME
LED,AAQ
LED,DME
LED,GRV
LED,IAR
LED,MCX
LED,OGZ
LED,STW
LED,UFA
LED,ULV
LED,VOG
LED,VOZ
MMK,DME
MQF,SVX
MRV,SAW
MRV,UFA
NJC,CEK
NJC,KUF
NJC,OVB
NUX,CEK
NUX,OVB
NUX,SVX
OGZ,LED
OVB,IKT
OVB,NJC
OVB,NUX
OVB,SVX
OVB,UFA
PEE,KUF
PEE,SVX
PES,DME
SAW,MRV
SGC,VOG
SKX,AER
SKX,DME
STW,LED
SVX,KJA
SVX,KRR
SVX,KUF
SVX,MQF
SVX,NJC
SVX,NUX
SVX,OVB
SVX,PEE
SVX,UFA
SVX,VOG
UFA,LED
UFA,MRV
UFA,OVB
UFA,SVX
UKS,DME
ULV,AER
ULV,DME
ULV,LED
URJ,DME
VKT,DME
VOG,DME
VOG,EVN
VOG,LED
VOG,SGC
VOG,SVX
VOZ,DME
VOZ,LED
ANI,HCR
ANI,KLG
ANI,SHX
ANV,KGX
KGX,ANV
KGX,SHX
KLG,RSH
RSH,ANI
SHX,ANI
SHX,KGX
BKK,HKT
BKK,ICN
CKG,HKT
HKT,BKK
HKT,CKG
HKT,ICN
ICN,BKK
ICN,HKT
ADQ,AKK
ADQ,KOZ
ADQ,OLH
ADQ,ORI
AKK,ADQ
KOZ,ADQ
OLH,ADQ
ORI,ADQ
ABL,OTZ
ABL,SHG
BKC,DRG
BKC,OTZ
DRG,BKC
DRG,OTZ
ELI,GLV
ELI,KKA
ELI,OME
GAM,OME
GAM,SVA
GLV,ELI
GLV,WMO
IAN,ORV
IAN,OTZ
KKA,OME
KKA,SKK
KTS,OME
KTS,WAA
KVL,OTZ
KVL,PHO
OBU,ABL
OBU,OTZ
OME,ELI
OME,GAM
OME,KKA
OME,OTZ
OME,SHH
OME,SVA
OME,TLA
OME,TNC
OME,UNK
OME,WBB
OME,WMO
ORV,IAN
ORV,OTZ
OTZ,ABL
OTZ,BKC
OTZ,DRG
OTZ,IAN
OTZ,KVL
OTZ,OME
OTZ,ORV
OTZ,PHO
OTZ,SHG
OTZ,WLK
OTZ,WTK
PHO,LUR
PHO,OTZ
SHG,OBU
SHH,OME
SKK,KKA
SKK,OME
SKK,UNK
SMK,UNK
SMK,WBB
SVA,GAM
SVA,OME
TLA,KTS
TNC,WAA
UNK,OME
UNK,SKK
UNK,SMK
WAA,OME
WAA,SHH
WBB,OME
WBB,SMK
WBB,UNK
WLK,OTZ
WMO,GLV
WMO,OME
WTK,KVL
WTK,OTZ
AUA,MAR
MAR,AUA
BAV,XIY
CGO,HRB
CGO,KMG
CGO,SHE
CKG,KMG
CKG,LJG
CKG,XUZ
CSX,FOC
CSX,KMG
CSX,LJG
CTU,KMG
CTU,LJG
CTU,TCZ
CTU,TSN
DIG,KMG
DLC,TSN
DLC,WUH
DLU,JHG
DLU,KMG
FOC,CSX
FOC,NNG
HAK,KMG
HET,TYN
HFE,KMG
HGH,KMG
HRB,CGO
JHG,DLU
JHG,KMG
JHG,LJG
KMG,CGO
KMG,CKG
KMG,CSX
KMG,CTU
KMG,DIG
KMG,DLU
KMG,HAK
KMG,HFE
KMG,HGH
KMG,JHG
KMG,KWE
KMG,KWL
KMG,LHW
KMG,LJG
KMG,LUM
KMG,NNG
KMG,PEK
KMG,PVG
KMG,SJW
KMG,SYM
KMG,SYX
KMG,TCZ
KMG,TNA
KMG,TYN
KMG,WUH
KMG,XIY
KWE,KMG
KWE,LJG
KWE,NKG
KWL,KMG
KWL,XMN
LHW,KMG
LHW,URC
LJG,CKG
LJG,CSX
LJG,CTU
LJG,JHG
LJG,KMG
LJG,KWE
LJG,NKG
LUM,KMG
LUM,PEK
NKG,KWE
NKG,LJG
NNG,FOC
NNG,KMG
PEK,KMG
PEK,LUM
PVG,KMG
SHE,CGO
SJW,KMG
SJW,TVS
SYM,KMG
SYX,KMG
TAO,WUH
TCZ,CTU
TCZ,KMG
TNA,KMG
TSN,CTU
TSN,DLC
TVS,SJW
TYN,HET
TYN,KMG
URC,LHW
WUH,DLC
WUH,KMG
WUH,TAO
XIY,BAV
XIY,KMG
XMN,KWL
XUZ,CKG
YIH,KMG
BKK,MDL
BKK,RGN
BKK,SIN
CAN,RGN
ICN,RGN
KUL,RGN
RGN,BKK
RGN,CAN
RGN,ICN
RGN,KUL
RGN,SIN
SIN,BKK
SIN,RGN
QBC,YAA
QBC,YVR
YAA,QBC
YAA,YVR
YBL,YQQ
YBL,YVR
YKT,ZEL
YPW,YVR
YQQ,YBL
YQQ,YVR
YVR,QBC
YVR,YAA
YVR,YBL
YVR,YPW
YVR,YQQ
YVR,YWL
YVR,YXC
YVR,YYJ
YVR,YZT
YVR,YZZ
YVR,ZMT
YWL,YVR
YXC,YVR
YYJ,YVR
YZT,YVR
YZT,ZEL
YZZ,YVR
ZEL,YKT
ZEL,YZT
ZMT,YVR
ADA,IST
ADB,IST
AYT,IST
BJV,IST
DIY,IST
DLM,IST
ECN,IST
ECN,TZX
ERZ,IST
EZS,IST
GNY,IST
GZT,IST
IST,ADA
IST,ADB
IST,AYT
IST,BJV
IST,DIY
IST,DLM
IST,ECN
IST,ERZ
IST,EZS
IST,GNY
IST,GZT
IST,KVD
IST,MLX
IST,ODS
IST,OMH
IST,TZX
KVD,IST
MLX,IST
ODS,IST
OMH,IST
TZX,ECN
TZX,IST
AEP,MDQ
AEP,ROS
AEP,SFN
BHI,MDQ
COR,MDZ
COR,ROS
CRD,NQN
CRD,REL
MDQ,AEP
MDZ,COR
MDZ,NQN
MVD,ROS
NQN,CRD
NQN,MDZ
REL,BHI
REL,CRD
ROS,AEP
ROS,COR
ROS,SFN
SFN,AEP
YFJ,YZF
YFS,YZF
YLE,YZF
YRA,YZF
YSG,YZF
YZF,YFJ
YZF,YFS
YZF,YLE
YZF,YRA
YZF,YSG
AMM,BEN
AMM,TIP
BEN,AMM
BEN,CAI
BEN,DXB
BEN,HBE
BEN,IST
BEN,KRT
BEN,MRA
BEN,SEB
BEN,SFA
BEN,TIP
BEN,TUN
CAI,BEN
CAI,MRA
CAI,TIP
CMN,TIP
DUS,TIP
DXB,BEN
DXB,TIP
HBE,BEN
HBE,TIP
IST,BEN
IST,TIP
KRT,BEN
KRT,TIP
LGW,TIP
MRA,BEN
MRA,CAI
MRA,SFA
MRA,TUN
NIM,TIP
SEB,BEN
SEB,TIP
SEB,TUN
SFA,BEN
SFA,MRA
SFA,TIP
TIP,AMM
TIP,BEN
TIP,CAI
TIP,CMN
TIP,DUS
TIP,DXB
TIP,HBE
TIP,IST
TIP,KRT
TIP,LGW
TIP,NIM
TIP,SEB
TIP,SFA
TIP,TUN
TUN,BEN
TUN,MRA
TUN,SEB
TUN,TIP
AET,BTT
AET,FAI
AET,HUS
AKP,BTT
AKP,FAI
ARC,FAI
ARC,VEE
BTT,AET
BTT,AKP
BTT,FAI
FAI,AET
FAI,AKP
FAI,BTT
FAI,FYU
FAI,GAL
FAI,LMA
FAI,RBY
FAI,TAL
FYU,ARC
FYU,FAI
FYU,VEE
GAL,FAI
GAL,KAL
GAL,NUL
HSL,HUS
HSL,RBY
HSL,TAL
HUS,FAI
HUS,TAL
KAL,HSL
KYU,GAL
LMA,FAI
NUL,KYU
RBY,FAI
RBY,TAL
TAL,FAI
TAL,HSL
TAL,RBY
VEE,ARC
VEE,FYU
BKK,PVG
CAN,SHA
CAN,SJW
CGD,KMG
CGD,SHA
CGQ,PVG
CKG,HKG
CKG,LYA
CKG,PVG
CKG,SHA
CSX,SHA
CTU,SHA
CTU,SJW
DLC,HGH
DLC,NBS
DLC,PVG
DLC,SJW
DYG,PVG
DYG,SJW
HET,SJW
HGH,DLC
HGH,HKG
HGH,KWL
HGH,SHE
HGH,SJW
HGH,SYX
HGH,SZX
HJJ,KMG
HJJ,SHA
HKG,CKG
HKG,HGH
HKG,NKG
HKG,PVG
HKG,XMN
HRB,PVG
HSG,PVG
IBR,PVG
INC,PVG
INC,SHA
INC,URC
JIQ,KMG
JIQ,SHA
JJN,SHA
KMG,CGD
KMG,HJJ
KMG,JIQ
KMG,PVG
KMG,SHA
KMG,SJW
KMG,ZYI
KWE,SHA
KWL,HGH
KWL,PVG
KWL,SJW
LHW,PVG
LYA,CKG
LYA,SHE
MFM,PVG
MIG,PVG
NBS,DLC
NKG,HKG
NKG,SHE
NNG,SHA
NTG,SHE
NTG,XMN
PVG,BKK
PVG,CGQ
PVG,CKG
PVG,DLC
PVG,DYG
PVG,HKG
PVG,HKT
PVG,HRB
PVG,HSG
PVG,IBR
PVG,INC
PVG,KMG
PVG,KWE
PVG,KWL
PVG,LHW
PVG,MFM
PVG,MIG
PVG,NNG
PVG,REP
PVG,SHE
PVG,SYX
PVG,TAK
PVG,TAO
PVG,XMN
PVG,ZUH
REP,PVG
SHA,CAN
SHA,CGD
SHA,CKG
SHA,CSX
SHA,CTU
SHA,HJJ
SHA,INC
SHA,JIQ
SHA,JJN
SHA,KMG
SHA,LHW
SHA,MIG
SHA,SHE
SHA,SJW
SHA,SWA
SHA,SYX
SHA,SZX
SHA,TAO
SHA,URC
SHA,XIY
SHA,XMN
SHA,ZUH
SHA,ZYI
SHE,HGH
SHE,LYA
SHE,NKG
SHE,NTG
SHE,PVG
SHE,SHA
SHE,SJW
SHE,XIY
SHE,XMN
SJW,CAN
SJW,CKG
SJW,CTU
SJW,DLC
SJW,DYG
SJW,HET
SJW,HGH
SJW,KMG
SJW,KWL
SJW,SHA
SJW,SHE
SJW,SZX
SJW,XMN
SWA,SHA
SYX,HGH
SYX,PVG
SYX,SHA
SZX,SHA
SZX,SJW
TAK,PVG
TAO,PVG
TAO,SHA
URC,INC
URC,SHA
XMN,HKG
XMN,NTG
XMN,PVG
XMN,SHA
XMN,SHE
XMN,SJW
ZUH,PVG
ZUH,SHA
ZYI,KMG
ZYI,SHA
GPZ,TVF
TVF,GPZ
AUA,BON
AUA,CUR
AUA,MIA
BOG,CUR
BON,CUR
CCS,CUR
CUR,AUA
CUR,BOG
CUR,BON
CUR,CCS
CUR,MAR
CUR,MCO
CUR,MIA
CUR,PAP
CUR,PBM
CUR,SDQ
CUR,SXM
CUR,VLN
MAR,CUR
MCO,CUR
MIA,AUA
MIA,CUR
MIA,PAP
PAP,CUR
PAP,MIA
PBM,CUR
SDQ,CUR
SDQ,SXM
SXM,CUR
SXM,SDQ
VLN,CUR
ABV,LOS
ABV,PHC
LOS,ABV
LOS,PHC
PHC,ABV
PHC,LOS
ACK,BOS
ACK,EWB
ACK,HPN
ACK,HYA
ACK,MVY
ACK,PVD
ALB,BOS
ALB,MSS
ALB,OGS
AUG,BOS
AXA,SJU
BHB,BOS
BOS,ACK
BOS,ALB
BOS,AUG
BOS,BHB
BOS,HYA
BOS,LEB
BOS,MVY
BOS,PVC
BOS,RKD
BOS,RUT
BOS,SLK
CGI,STL
EIS,SJU
EWB,ACK
EWB,MVY
EYW,RSW
HPN,ACK
HPN,HYA
HPN,LEB
HPN,MVY
HPN,PVC
HYA,ACK
HYA,BOS
HYA,HPN
HYA,MVY
IRK,STL
LEB,BOS
LEB,HPN
MAZ,SJU
MSS,ALB
MVY,ACK
MVY,BOS
MVY,EWB
MVY,HPN
MVY,HYA
MVY,PVD
MWA,STL
NEV,SJU
OGS,ALB
OWB,STL
PVC,BOS
PVC,HPN
PVD,ACK
PVD,MVY
RKD,BOS
RSW,EYW
RUT,BOS
SJU,AXA
SJU,EIS
SJU,MAZ
SJU,NEV
SJU,STT
SJU,STX
SJU,VQS
SLK,BOS
STL,CGI
STL,IRK
STL,MWA
STL,OWB
STL,TBN
STL,UIN
STT,SJU
STT,STX
STX,SJU